package,date,time
com.smartmobsolutions.android.whereami,"Mar 21, 2017",15:26:35
com.smartmobsolutions.android.whereami,"Mar 21, 2017",15:27:51
com.smartmobsolutions.android.whereami,"Mar 21, 2017",15:39:24
com.example.vishal.deviceapp,"Mar 21, 2017",15:40
com.smartmobsolutions.android.whereami,"Mar 21, 2017",15:40:15
com.smartmobsolutions.android.whereami,"Mar 21, 2017",15:40:22
com.example.vishal.deviceapp,"Mar 21, 2017",15:42
com.example.vishal.deviceapp,"Mar 21, 2017",15:42
com.smartmobsolutions.android.whereami,"Mar 21, 2017",15:51:00
com.example.vishal.deviceapp,"Mar 21, 2017",15:51
com.facebook.lite,"Mar 21, 2017",16:04
com.facebook.lite,"Mar 21, 2017",16:04
com.facebook.lite,"Mar 21, 2017",16:04
com.smartmobsolutions.android.whereami,"Mar 21, 2017",16:06:21
goldenshorestechnologies.brightestflashlight.free,"Mar 21, 2017",16:07:41
goldenshorestechnologies.brightestflashlight.free,"Mar 21, 2017",16:07:50
figuig.live_location,"Mar 21, 2017",16:11:56
figuig.live_location,"Mar 21, 2017",16:11:56
com.live.tracker,"Mar 21, 2017",16:17:06
com.live.tracker,"Mar 21, 2017",16:17:06
com.foxbyte.destinationalarm,"Mar 21, 2017",16:20:34
com.foxbyte.destinationalarm,"Mar 21, 2017",16:20:34
mg.locations.track5,"Mar 21, 2017",16:27:17
mg.locations.track5,"Mar 21, 2017",16:27:17
mg.locations.track5,"Mar 21, 2017",16:27:30
mg.locations.track5,"Mar 21, 2017",16:27:30
mg.locations.track5,"Mar 21, 2017",16:27:44
mg.locations.track5,"Mar 21, 2017",16:27:44
mg.locations.track5,"Mar 21, 2017",16:27:50
mg.locations.track5,"Mar 21, 2017",16:27:50
mg.locations.track5,"Mar 21, 2017",16:28:33
mg.locations.track5,"Mar 21, 2017",16:28:33
mg.locations.track5,"Mar 21, 2017",16:29:54
mg.locations.track5,"Mar 21, 2017",16:29:54
mg.locations.track5,"Mar 21, 2017",16:30:57
mg.locations.track5,"Mar 21, 2017",16:30:57
com.live.tracker,"Mar 21, 2017",16:32:06
com.live.tracker,"Mar 21, 2017",16:32:06
com.gpsserver.gpstracker,"Mar 21, 2017",16:32:29
com.gpsserver.gpstracker,"Mar 21, 2017",16:32:29
com.gpsserver.gpstracker,"Mar 21, 2017",16:32:29
com.gpsserver.gpstracker,"Mar 21, 2017",16:32:29
com.gpsserver.gpstracker,"Mar 21, 2017",16:32:29
com.gpsserver.gpstracker,"Mar 21, 2017",16:32:29
com.gpsserver.gpstracker,"Mar 21, 2017",16:42:44
com.gpsserver.gpstracker,"Mar 21, 2017",16:42:44
com.gpsserver.gpstracker,"Mar 21, 2017",16:42:44
com.gpsserver.gpstracker,"Mar 21, 2017",16:42:44
com.gpsserver.gpstracker,"Mar 21, 2017",16:42:44
com.gpsserver.gpstracker,"Mar 21, 2017",16:42:44
com.gpsserver.gpstracker,"Mar 21, 2017",16:43:24
com.gpsserver.gpstracker,"Mar 21, 2017",16:43:24
com.gpsserver.gpstracker,"Mar 21, 2017",16:43:24
com.gpsserver.gpstracker,"Mar 21, 2017",16:43:24
com.gpsserver.gpstracker,"Mar 21, 2017",16:43:24
com.gpsserver.gpstracker,"Mar 21, 2017",16:43:24
com.gpsserver.gpstracker,"Mar 21, 2017",16:44:04
com.gpsserver.gpstracker,"Mar 21, 2017",16:44:04
com.gpsserver.gpstracker,"Mar 21, 2017",16:44:04
com.gpsserver.gpstracker,"Mar 21, 2017",16:44:04
com.gpsserver.gpstracker,"Mar 21, 2017",16:44:04
com.gpsserver.gpstracker,"Mar 21, 2017",16:44:04
com.gpsserver.gpstracker,"Mar 21, 2017",16:44:44
com.gpsserver.gpstracker,"Mar 21, 2017",16:44:44
com.gpsserver.gpstracker,"Mar 21, 2017",16:44:44
com.gpsserver.gpstracker,"Mar 21, 2017",16:44:44
com.gpsserver.gpstracker,"Mar 21, 2017",16:44:44
com.gpsserver.gpstracker,"Mar 21, 2017",16:44:44
com.gpsserver.gpstracker,"Mar 21, 2017",16:45:24
com.gpsserver.gpstracker,"Mar 21, 2017",16:45:24
com.gpsserver.gpstracker,"Mar 21, 2017",16:45:24
com.gpsserver.gpstracker,"Mar 21, 2017",16:45:24
com.gpsserver.gpstracker,"Mar 21, 2017",16:45:24
com.gpsserver.gpstracker,"Mar 21, 2017",16:45:24
com.gpsserver.gpstracker,"Mar 21, 2017",16:46:04
com.gpsserver.gpstracker,"Mar 21, 2017",16:46:04
com.gpsserver.gpstracker,"Mar 21, 2017",16:46:04
com.gpsserver.gpstracker,"Mar 21, 2017",16:46:04
com.gpsserver.gpstracker,"Mar 21, 2017",16:46:04
com.gpsserver.gpstracker,"Mar 21, 2017",16:46:04
com.gpsserver.gpstracker,"Mar 21, 2017",16:46:44
com.gpsserver.gpstracker,"Mar 21, 2017",16:46:44
com.gpsserver.gpstracker,"Mar 21, 2017",16:46:44
com.gpsserver.gpstracker,"Mar 21, 2017",16:46:44
com.gpsserver.gpstracker,"Mar 21, 2017",16:46:44
com.gpsserver.gpstracker,"Mar 21, 2017",16:46:44
com.live.tracker,"Mar 21, 2017",16:47:05
com.live.tracker,"Mar 21, 2017",16:47:06
com.gpsserver.gpstracker,"Mar 21, 2017",16:47:25
com.gpsserver.gpstracker,"Mar 21, 2017",16:47:25
com.gpsserver.gpstracker,"Mar 21, 2017",16:47:25
com.gpsserver.gpstracker,"Mar 21, 2017",16:47:25
com.gpsserver.gpstracker,"Mar 21, 2017",16:47:25
com.gpsserver.gpstracker,"Mar 21, 2017",16:47:25
com.ventureGPSFree,"Mar 21, 2017",16:47:57
com.ventureGPSFree,"Mar 21, 2017",16:47:57
com.ventureGPSFree,"Mar 21, 2017",16:48:00
com.ventureGPSFree,"Mar 21, 2017",16:48:00
com.ventureGPSFree,"Mar 21, 2017",16:48:02
com.ventureGPSFree,"Mar 21, 2017",16:48:02
com.ventureGPSFree,"Mar 21, 2017",16:48:04
com.ventureGPSFree,"Mar 21, 2017",16:48:04
com.gpsserver.gpstracker,"Mar 21, 2017",16:48:05
com.gpsserver.gpstracker,"Mar 21, 2017",16:48:05
com.gpsserver.gpstracker,"Mar 21, 2017",16:48:05
com.gpsserver.gpstracker,"Mar 21, 2017",16:48:05
com.gpsserver.gpstracker,"Mar 21, 2017",16:48:05
com.gpsserver.gpstracker,"Mar 21, 2017",16:48:05
com.ventureGPSFree,"Mar 21, 2017",16:48:06
com.ventureGPSFree,"Mar 21, 2017",16:48:06
com.ventureGPSFree,"Mar 21, 2017",16:48:08
com.ventureGPSFree,"Mar 21, 2017",16:48:08
com.ventureGPSFree,"Mar 21, 2017",16:48:10
com.ventureGPSFree,"Mar 21, 2017",16:48:10
com.ventureGPSFree,"Mar 21, 2017",16:48:12
com.ventureGPSFree,"Mar 21, 2017",16:48:12
com.ventureGPSFree,"Mar 21, 2017",16:48:14
com.ventureGPSFree,"Mar 21, 2017",16:48:14
com.gpsserver.gpstracker,"Mar 21, 2017",16:48:45
com.gpsserver.gpstracker,"Mar 21, 2017",16:48:45
com.gpsserver.gpstracker,"Mar 21, 2017",16:48:45
com.gpsserver.gpstracker,"Mar 21, 2017",16:48:45
com.gpsserver.gpstracker,"Mar 21, 2017",16:48:45
com.gpsserver.gpstracker,"Mar 21, 2017",16:48:45
com.gpsserver.gpstracker,"Mar 21, 2017",16:49:25
com.gpsserver.gpstracker,"Mar 21, 2017",16:49:25
com.gpsserver.gpstracker,"Mar 21, 2017",16:49:25
com.gpsserver.gpstracker,"Mar 21, 2017",16:49:25
com.gpsserver.gpstracker,"Mar 21, 2017",16:49:25
com.gpsserver.gpstracker,"Mar 21, 2017",16:49:25
com.gpscoordinatesandlocation,"Mar 21, 2017",16:49:37
com.gpscoordinatesandlocation,"Mar 21, 2017",16:49:37
com.gpsserver.gpstracker,"Mar 21, 2017",16:50:05
com.gpsserver.gpstracker,"Mar 21, 2017",16:50:05
com.gpsserver.gpstracker,"Mar 21, 2017",16:50:05
com.gpsserver.gpstracker,"Mar 21, 2017",16:50:05
com.gpsserver.gpstracker,"Mar 21, 2017",16:50:05
com.gpsserver.gpstracker,"Mar 21, 2017",16:50:05
com.gpsserver.gpstracker,"Mar 21, 2017",16:50:45
com.gpsserver.gpstracker,"Mar 21, 2017",16:50:45
com.gpsserver.gpstracker,"Mar 21, 2017",16:50:45
com.gpsserver.gpstracker,"Mar 21, 2017",16:50:45
com.gpsserver.gpstracker,"Mar 21, 2017",16:50:45
com.gpsserver.gpstracker,"Mar 21, 2017",16:50:45
com.gpsserver.gpstracker,"Mar 21, 2017",16:51:26
com.gpsserver.gpstracker,"Mar 21, 2017",16:51:26
com.gpsserver.gpstracker,"Mar 21, 2017",16:51:26
com.gpsserver.gpstracker,"Mar 21, 2017",16:51:26
com.gpsserver.gpstracker,"Mar 21, 2017",16:51:26
com.gpsserver.gpstracker,"Mar 21, 2017",16:51:26
com.gpsserver.gpstracker,"Mar 21, 2017",16:52:06
com.gpsserver.gpstracker,"Mar 21, 2017",16:52:06
com.gpsserver.gpstracker,"Mar 21, 2017",16:52:06
com.gpsserver.gpstracker,"Mar 21, 2017",16:52:06
com.gpsserver.gpstracker,"Mar 21, 2017",16:52:06
com.gpsserver.gpstracker,"Mar 21, 2017",16:52:06
com.gpsserver.gpstracker,"Mar 21, 2017",16:52:46
com.gpsserver.gpstracker,"Mar 21, 2017",16:52:46
com.gpsserver.gpstracker,"Mar 21, 2017",16:52:46
com.gpsserver.gpstracker,"Mar 21, 2017",16:52:46
com.gpsserver.gpstracker,"Mar 21, 2017",16:52:46
com.gpsserver.gpstracker,"Mar 21, 2017",16:52:46
com.gpsserver.gpstracker,"Mar 21, 2017",16:53:26
com.gpsserver.gpstracker,"Mar 21, 2017",16:53:26
com.gpsserver.gpstracker,"Mar 21, 2017",16:53:26
com.gpsserver.gpstracker,"Mar 21, 2017",16:53:26
com.gpsserver.gpstracker,"Mar 21, 2017",16:53:26
com.gpsserver.gpstracker,"Mar 21, 2017",16:53:26
com.gpsserver.gpstracker,"Mar 21, 2017",16:54:06
com.gpsserver.gpstracker,"Mar 21, 2017",16:54:06
com.gpsserver.gpstracker,"Mar 21, 2017",16:54:06
com.gpsserver.gpstracker,"Mar 21, 2017",16:54:06
com.gpsserver.gpstracker,"Mar 21, 2017",16:54:06
com.gpsserver.gpstracker,"Mar 21, 2017",16:54:06
com.gpsserver.gpstracker,"Mar 21, 2017",16:54:46
com.gpsserver.gpstracker,"Mar 21, 2017",16:54:46
com.gpsserver.gpstracker,"Mar 21, 2017",16:54:46
com.gpsserver.gpstracker,"Mar 21, 2017",16:54:46
com.gpsserver.gpstracker,"Mar 21, 2017",16:54:46
com.gpsserver.gpstracker,"Mar 21, 2017",16:54:46
com.gpsserver.gpstracker,"Mar 21, 2017",16:55:26
com.gpsserver.gpstracker,"Mar 21, 2017",16:55:26
com.gpsserver.gpstracker,"Mar 21, 2017",16:55:26
com.gpsserver.gpstracker,"Mar 21, 2017",16:55:26
com.gpsserver.gpstracker,"Mar 21, 2017",16:55:26
com.gpsserver.gpstracker,"Mar 21, 2017",16:55:26
com.gpsserver.gpstracker,"Mar 21, 2017",16:56:07
com.gpsserver.gpstracker,"Mar 21, 2017",16:56:07
com.gpsserver.gpstracker,"Mar 21, 2017",16:56:07
com.gpsserver.gpstracker,"Mar 21, 2017",16:56:07
com.gpsserver.gpstracker,"Mar 21, 2017",16:56:07
com.gpsserver.gpstracker,"Mar 21, 2017",16:56:07
com.gpsserver.gpstracker,"Mar 21, 2017",16:56:47
com.gpsserver.gpstracker,"Mar 21, 2017",16:56:47
com.gpsserver.gpstracker,"Mar 21, 2017",16:56:47
com.gpsserver.gpstracker,"Mar 21, 2017",16:56:47
com.gpsserver.gpstracker,"Mar 21, 2017",16:56:47
com.gpsserver.gpstracker,"Mar 21, 2017",16:56:47
com.gpsserver.gpstracker,"Mar 21, 2017",16:57:27
com.gpsserver.gpstracker,"Mar 21, 2017",16:57:27
com.gpsserver.gpstracker,"Mar 21, 2017",16:57:27
com.gpsserver.gpstracker,"Mar 21, 2017",16:57:27
com.gpsserver.gpstracker,"Mar 21, 2017",16:57:27
com.gpsserver.gpstracker,"Mar 21, 2017",16:57:27
com.gpsserver.gpstracker,"Mar 21, 2017",16:58:07
com.gpsserver.gpstracker,"Mar 21, 2017",16:58:07
com.gpsserver.gpstracker,"Mar 21, 2017",16:58:07
com.gpsserver.gpstracker,"Mar 21, 2017",16:58:07
com.gpsserver.gpstracker,"Mar 21, 2017",16:58:07
com.gpsserver.gpstracker,"Mar 21, 2017",16:58:07
com.gpsserver.gpstracker,"Mar 21, 2017",16:58:47
com.gpsserver.gpstracker,"Mar 21, 2017",16:58:47
com.gpsserver.gpstracker,"Mar 21, 2017",16:58:47
com.gpsserver.gpstracker,"Mar 21, 2017",16:58:47
com.gpsserver.gpstracker,"Mar 21, 2017",16:58:47
com.gpsserver.gpstracker,"Mar 21, 2017",16:58:47
com.gpsserver.gpstracker,"Mar 21, 2017",16:59:27
com.gpsserver.gpstracker,"Mar 21, 2017",16:59:27
com.gpsserver.gpstracker,"Mar 21, 2017",16:59:27
com.gpsserver.gpstracker,"Mar 21, 2017",16:59:27
com.gpsserver.gpstracker,"Mar 21, 2017",16:59:27
com.gpsserver.gpstracker,"Mar 21, 2017",16:59:27
com.gpsserver.gpstracker,"Mar 21, 2017",17:00:07
com.gpsserver.gpstracker,"Mar 21, 2017",17:00:07
com.gpsserver.gpstracker,"Mar 21, 2017",17:00:07
com.gpsserver.gpstracker,"Mar 21, 2017",17:00:07
com.gpsserver.gpstracker,"Mar 21, 2017",17:00:07
com.gpsserver.gpstracker,"Mar 21, 2017",17:00:07
com.gpsserver.gpstracker,"Mar 21, 2017",17:00:48
com.gpsserver.gpstracker,"Mar 21, 2017",17:00:48
com.gpsserver.gpstracker,"Mar 21, 2017",17:00:48
com.gpsserver.gpstracker,"Mar 21, 2017",17:00:48
com.gpsserver.gpstracker,"Mar 21, 2017",17:00:48
com.gpsserver.gpstracker,"Mar 21, 2017",17:00:48
com.gpsserver.gpstracker,"Mar 21, 2017",17:01:28
com.gpsserver.gpstracker,"Mar 21, 2017",17:01:28
com.gpsserver.gpstracker,"Mar 21, 2017",17:01:28
com.gpsserver.gpstracker,"Mar 21, 2017",17:01:28
com.gpsserver.gpstracker,"Mar 21, 2017",17:01:28
com.gpsserver.gpstracker,"Mar 21, 2017",17:01:28
com.live.tracker,"Mar 21, 2017",17:02:06
com.live.tracker,"Mar 21, 2017",17:02:06
com.gpsserver.gpstracker,"Mar 21, 2017",17:02:08
com.gpsserver.gpstracker,"Mar 21, 2017",17:02:08
com.gpsserver.gpstracker,"Mar 21, 2017",17:02:08
com.gpsserver.gpstracker,"Mar 21, 2017",17:02:08
com.gpsserver.gpstracker,"Mar 21, 2017",17:02:08
com.gpsserver.gpstracker,"Mar 21, 2017",17:02:08
com.gpsserver.gpstracker,"Mar 21, 2017",17:02:48
com.gpsserver.gpstracker,"Mar 21, 2017",17:02:48
com.gpsserver.gpstracker,"Mar 21, 2017",17:02:48
com.gpsserver.gpstracker,"Mar 21, 2017",17:02:48
com.gpsserver.gpstracker,"Mar 21, 2017",17:02:48
com.gpsserver.gpstracker,"Mar 21, 2017",17:02:48
com.gpsserver.gpstracker,"Mar 21, 2017",17:03:28
com.gpsserver.gpstracker,"Mar 21, 2017",17:03:28
com.gpsserver.gpstracker,"Mar 21, 2017",17:03:28
com.gpsserver.gpstracker,"Mar 21, 2017",17:03:28
com.gpsserver.gpstracker,"Mar 21, 2017",17:03:28
com.gpsserver.gpstracker,"Mar 21, 2017",17:03:28
com.gpsserver.gpstracker,"Mar 21, 2017",17:04:08
com.gpsserver.gpstracker,"Mar 21, 2017",17:04:08
com.gpsserver.gpstracker,"Mar 21, 2017",17:04:08
com.gpsserver.gpstracker,"Mar 21, 2017",17:04:08
com.gpsserver.gpstracker,"Mar 21, 2017",17:04:08
com.gpsserver.gpstracker,"Mar 21, 2017",17:04:08
com.gpsserver.gpstracker,"Mar 21, 2017",17:04:48
com.gpsserver.gpstracker,"Mar 21, 2017",17:04:48
com.gpsserver.gpstracker,"Mar 21, 2017",17:04:48
com.gpsserver.gpstracker,"Mar 21, 2017",17:04:48
com.gpsserver.gpstracker,"Mar 21, 2017",17:04:48
com.gpsserver.gpstracker,"Mar 21, 2017",17:04:48
com.gpsserver.gpstracker,"Mar 21, 2017",17:05:29
com.gpsserver.gpstracker,"Mar 21, 2017",17:05:29
com.gpsserver.gpstracker,"Mar 21, 2017",17:05:29
com.gpsserver.gpstracker,"Mar 21, 2017",17:05:29
com.gpsserver.gpstracker,"Mar 21, 2017",17:05:29
com.gpsserver.gpstracker,"Mar 21, 2017",17:05:29
com.gpsserver.gpstracker,"Mar 21, 2017",17:06:09
com.gpsserver.gpstracker,"Mar 21, 2017",17:06:09
com.gpsserver.gpstracker,"Mar 21, 2017",17:06:09
com.gpsserver.gpstracker,"Mar 21, 2017",17:06:09
com.gpsserver.gpstracker,"Mar 21, 2017",17:06:09
com.gpsserver.gpstracker,"Mar 21, 2017",17:06:09
com.gpsserver.gpstracker,"Mar 21, 2017",17:06:49
com.gpsserver.gpstracker,"Mar 21, 2017",17:06:49
com.gpsserver.gpstracker,"Mar 21, 2017",17:06:49
com.gpsserver.gpstracker,"Mar 21, 2017",17:06:49
com.gpsserver.gpstracker,"Mar 21, 2017",17:06:49
com.gpsserver.gpstracker,"Mar 21, 2017",17:06:49
com.gpsserver.gpstracker,"Mar 21, 2017",17:07:29
com.gpsserver.gpstracker,"Mar 21, 2017",17:07:29
com.gpsserver.gpstracker,"Mar 21, 2017",17:07:29
com.gpsserver.gpstracker,"Mar 21, 2017",17:07:29
com.gpsserver.gpstracker,"Mar 21, 2017",17:07:29
com.gpsserver.gpstracker,"Mar 21, 2017",17:07:29
com.gpsserver.gpstracker,"Mar 21, 2017",17:08:09
com.gpsserver.gpstracker,"Mar 21, 2017",17:08:09
com.gpsserver.gpstracker,"Mar 21, 2017",17:08:09
com.gpsserver.gpstracker,"Mar 21, 2017",17:08:09
com.gpsserver.gpstracker,"Mar 21, 2017",17:08:09
com.gpsserver.gpstracker,"Mar 21, 2017",17:08:09
com.gpsserver.gpstracker,"Mar 21, 2017",17:08:50
com.gpsserver.gpstracker,"Mar 21, 2017",17:08:50
com.gpsserver.gpstracker,"Mar 21, 2017",17:08:50
com.gpsserver.gpstracker,"Mar 21, 2017",17:08:50
com.gpsserver.gpstracker,"Mar 21, 2017",17:08:50
com.gpsserver.gpstracker,"Mar 21, 2017",17:08:50
com.gpsserver.gpstracker,"Mar 21, 2017",17:09:30
com.gpsserver.gpstracker,"Mar 21, 2017",17:09:30
com.gpsserver.gpstracker,"Mar 21, 2017",17:09:30
com.gpsserver.gpstracker,"Mar 21, 2017",17:09:30
com.gpsserver.gpstracker,"Mar 21, 2017",17:09:30
com.gpsserver.gpstracker,"Mar 21, 2017",17:09:30
com.gpsserver.gpstracker,"Mar 21, 2017",17:10:10
com.gpsserver.gpstracker,"Mar 21, 2017",17:10:10
com.gpsserver.gpstracker,"Mar 21, 2017",17:10:10
com.gpsserver.gpstracker,"Mar 21, 2017",17:10:10
com.gpsserver.gpstracker,"Mar 21, 2017",17:10:10
com.gpsserver.gpstracker,"Mar 21, 2017",17:10:10
com.gpsserver.gpstracker,"Mar 21, 2017",17:10:50
com.gpsserver.gpstracker,"Mar 21, 2017",17:10:50
com.gpsserver.gpstracker,"Mar 21, 2017",17:10:50
com.gpsserver.gpstracker,"Mar 21, 2017",17:10:50
com.gpsserver.gpstracker,"Mar 21, 2017",17:10:50
com.gpsserver.gpstracker,"Mar 21, 2017",17:10:50
com.gpsserver.gpstracker,"Mar 21, 2017",17:11:30
com.gpsserver.gpstracker,"Mar 21, 2017",17:11:30
com.gpsserver.gpstracker,"Mar 21, 2017",17:11:30
com.gpsserver.gpstracker,"Mar 21, 2017",17:11:30
com.gpsserver.gpstracker,"Mar 21, 2017",17:11:30
com.gpsserver.gpstracker,"Mar 21, 2017",17:11:30
com.gpsserver.gpstracker,"Mar 21, 2017",17:12:10
com.gpsserver.gpstracker,"Mar 21, 2017",17:12:10
com.gpsserver.gpstracker,"Mar 21, 2017",17:12:10
com.gpsserver.gpstracker,"Mar 21, 2017",17:12:10
com.gpsserver.gpstracker,"Mar 21, 2017",17:12:10
com.gpsserver.gpstracker,"Mar 21, 2017",17:12:10
com.gpsserver.gpstracker,"Mar 21, 2017",17:12:51
com.gpsserver.gpstracker,"Mar 21, 2017",17:12:51
com.gpsserver.gpstracker,"Mar 21, 2017",17:12:51
com.gpsserver.gpstracker,"Mar 21, 2017",17:12:51
com.gpsserver.gpstracker,"Mar 21, 2017",17:12:51
com.gpsserver.gpstracker,"Mar 21, 2017",17:12:51
com.gpsserver.gpstracker,"Mar 21, 2017",17:13:31
com.gpsserver.gpstracker,"Mar 21, 2017",17:13:31
com.gpsserver.gpstracker,"Mar 21, 2017",17:13:31
com.gpsserver.gpstracker,"Mar 21, 2017",17:13:31
com.gpsserver.gpstracker,"Mar 21, 2017",17:13:31
com.gpsserver.gpstracker,"Mar 21, 2017",17:13:31
com.gpsserver.gpstracker,"Mar 21, 2017",17:14:11
com.gpsserver.gpstracker,"Mar 21, 2017",17:14:11
com.gpsserver.gpstracker,"Mar 21, 2017",17:14:11
com.gpsserver.gpstracker,"Mar 21, 2017",17:14:11
com.gpsserver.gpstracker,"Mar 21, 2017",17:14:11
com.gpsserver.gpstracker,"Mar 21, 2017",17:14:11
com.gpsserver.gpstracker,"Mar 21, 2017",17:14:51
com.gpsserver.gpstracker,"Mar 21, 2017",17:14:51
com.gpsserver.gpstracker,"Mar 21, 2017",17:14:51
com.gpsserver.gpstracker,"Mar 21, 2017",17:14:51
com.gpsserver.gpstracker,"Mar 21, 2017",17:14:51
com.gpsserver.gpstracker,"Mar 21, 2017",17:14:51
com.gpsserver.gpstracker,"Mar 21, 2017",17:15:32
com.gpsserver.gpstracker,"Mar 21, 2017",17:15:32
com.gpsserver.gpstracker,"Mar 21, 2017",17:15:32
com.gpsserver.gpstracker,"Mar 21, 2017",17:15:32
com.gpsserver.gpstracker,"Mar 21, 2017",17:15:32
com.gpsserver.gpstracker,"Mar 21, 2017",17:15:32
com.gpsserver.gpstracker,"Mar 21, 2017",17:16:12
com.gpsserver.gpstracker,"Mar 21, 2017",17:16:12
com.gpsserver.gpstracker,"Mar 21, 2017",17:16:12
com.gpsserver.gpstracker,"Mar 21, 2017",17:16:12
com.gpsserver.gpstracker,"Mar 21, 2017",17:16:12
com.gpsserver.gpstracker,"Mar 21, 2017",17:16:12
com.gpsserver.gpstracker,"Mar 21, 2017",17:16:52
com.gpsserver.gpstracker,"Mar 21, 2017",17:16:52
com.gpsserver.gpstracker,"Mar 21, 2017",17:16:52
com.gpsserver.gpstracker,"Mar 21, 2017",17:16:52
com.gpsserver.gpstracker,"Mar 21, 2017",17:16:52
com.gpsserver.gpstracker,"Mar 21, 2017",17:16:52
com.live.tracker,"Mar 21, 2017",17:17:06
com.live.tracker,"Mar 21, 2017",17:17:06
com.gpsserver.gpstracker,"Mar 21, 2017",17:17:32
com.gpsserver.gpstracker,"Mar 21, 2017",17:17:32
com.gpsserver.gpstracker,"Mar 21, 2017",17:17:32
com.gpsserver.gpstracker,"Mar 21, 2017",17:17:32
com.gpsserver.gpstracker,"Mar 21, 2017",17:17:32
com.gpsserver.gpstracker,"Mar 21, 2017",17:17:32
com.gpsserver.gpstracker,"Mar 21, 2017",17:18:12
com.gpsserver.gpstracker,"Mar 21, 2017",17:18:12
com.gpsserver.gpstracker,"Mar 21, 2017",17:18:12
com.gpsserver.gpstracker,"Mar 21, 2017",17:18:12
com.gpsserver.gpstracker,"Mar 21, 2017",17:18:12
com.gpsserver.gpstracker,"Mar 21, 2017",17:18:12
com.gpsserver.gpstracker,"Mar 21, 2017",17:18:52
com.gpsserver.gpstracker,"Mar 21, 2017",17:18:52
com.gpsserver.gpstracker,"Mar 21, 2017",17:18:52
com.gpsserver.gpstracker,"Mar 21, 2017",17:18:52
com.gpsserver.gpstracker,"Mar 21, 2017",17:18:52
com.gpsserver.gpstracker,"Mar 21, 2017",17:18:52
com.gpsserver.gpstracker,"Mar 21, 2017",17:19:33
com.gpsserver.gpstracker,"Mar 21, 2017",17:19:33
com.gpsserver.gpstracker,"Mar 21, 2017",17:19:33
com.gpsserver.gpstracker,"Mar 21, 2017",17:19:33
com.gpsserver.gpstracker,"Mar 21, 2017",17:19:33
com.gpsserver.gpstracker,"Mar 21, 2017",17:19:33
com.gpsserver.gpstracker,"Mar 21, 2017",17:20:13
com.gpsserver.gpstracker,"Mar 21, 2017",17:20:13
com.gpsserver.gpstracker,"Mar 21, 2017",17:20:13
com.gpsserver.gpstracker,"Mar 21, 2017",17:20:13
com.gpsserver.gpstracker,"Mar 21, 2017",17:20:13
com.gpsserver.gpstracker,"Mar 21, 2017",17:20:13
com.gpsserver.gpstracker,"Mar 21, 2017",17:20:53
com.gpsserver.gpstracker,"Mar 21, 2017",17:20:53
com.gpsserver.gpstracker,"Mar 21, 2017",17:20:53
com.gpsserver.gpstracker,"Mar 21, 2017",17:20:53
com.gpsserver.gpstracker,"Mar 21, 2017",17:20:53
com.gpsserver.gpstracker,"Mar 21, 2017",17:20:53
com.gpsserver.gpstracker,"Mar 21, 2017",17:21:33
com.gpsserver.gpstracker,"Mar 21, 2017",17:21:33
com.gpsserver.gpstracker,"Mar 21, 2017",17:21:33
com.gpsserver.gpstracker,"Mar 21, 2017",17:21:33
com.gpsserver.gpstracker,"Mar 21, 2017",17:21:33
com.gpsserver.gpstracker,"Mar 21, 2017",17:21:33
com.gpsserver.gpstracker,"Mar 21, 2017",17:22:13
com.gpsserver.gpstracker,"Mar 21, 2017",17:22:13
com.gpsserver.gpstracker,"Mar 21, 2017",17:22:13
com.gpsserver.gpstracker,"Mar 21, 2017",17:22:13
com.gpsserver.gpstracker,"Mar 21, 2017",17:22:13
com.gpsserver.gpstracker,"Mar 21, 2017",17:22:13
com.gpsserver.gpstracker,"Mar 21, 2017",17:22:53
com.gpsserver.gpstracker,"Mar 21, 2017",17:22:53
com.gpsserver.gpstracker,"Mar 21, 2017",17:22:53
com.gpsserver.gpstracker,"Mar 21, 2017",17:22:53
com.gpsserver.gpstracker,"Mar 21, 2017",17:22:53
com.gpsserver.gpstracker,"Mar 21, 2017",17:22:53
com.gpsserver.gpstracker,"Mar 21, 2017",17:23:33
com.gpsserver.gpstracker,"Mar 21, 2017",17:23:33
com.gpsserver.gpstracker,"Mar 21, 2017",17:23:33
com.gpsserver.gpstracker,"Mar 21, 2017",17:23:33
com.gpsserver.gpstracker,"Mar 21, 2017",17:23:33
com.gpsserver.gpstracker,"Mar 21, 2017",17:23:33
com.gpsserver.gpstracker,"Mar 21, 2017",17:24:13
com.gpsserver.gpstracker,"Mar 21, 2017",17:24:13
com.gpsserver.gpstracker,"Mar 21, 2017",17:24:13
com.gpsserver.gpstracker,"Mar 21, 2017",17:24:13
com.gpsserver.gpstracker,"Mar 21, 2017",17:24:13
com.gpsserver.gpstracker,"Mar 21, 2017",17:24:13
com.gpsserver.gpstracker,"Mar 21, 2017",17:24:53
com.gpsserver.gpstracker,"Mar 21, 2017",17:24:53
com.gpsserver.gpstracker,"Mar 21, 2017",17:24:53
com.gpsserver.gpstracker,"Mar 21, 2017",17:24:54
com.gpsserver.gpstracker,"Mar 21, 2017",17:24:54
com.gpsserver.gpstracker,"Mar 21, 2017",17:24:54
com.gpsserver.gpstracker,"Mar 21, 2017",17:25:34
com.gpsserver.gpstracker,"Mar 21, 2017",17:25:34
com.gpsserver.gpstracker,"Mar 21, 2017",17:25:34
com.gpsserver.gpstracker,"Mar 21, 2017",17:25:34
com.gpsserver.gpstracker,"Mar 21, 2017",17:25:34
com.gpsserver.gpstracker,"Mar 21, 2017",17:25:34
com.gpsserver.gpstracker,"Mar 21, 2017",17:26:14
com.gpsserver.gpstracker,"Mar 21, 2017",17:26:14
com.gpsserver.gpstracker,"Mar 21, 2017",17:26:14
com.gpsserver.gpstracker,"Mar 21, 2017",17:26:14
com.gpsserver.gpstracker,"Mar 21, 2017",17:26:14
com.gpsserver.gpstracker,"Mar 21, 2017",17:26:14
com.gpsserver.gpstracker,"Mar 21, 2017",17:26:54
com.gpsserver.gpstracker,"Mar 21, 2017",17:26:54
com.gpsserver.gpstracker,"Mar 21, 2017",17:26:54
com.gpsserver.gpstracker,"Mar 21, 2017",17:26:54
com.gpsserver.gpstracker,"Mar 21, 2017",17:26:54
com.gpsserver.gpstracker,"Mar 21, 2017",17:26:54
com.gpsserver.gpstracker,"Mar 21, 2017",17:27:34
com.gpsserver.gpstracker,"Mar 21, 2017",17:27:34
com.gpsserver.gpstracker,"Mar 21, 2017",17:27:34
com.gpsserver.gpstracker,"Mar 21, 2017",17:27:34
com.gpsserver.gpstracker,"Mar 21, 2017",17:27:34
com.gpsserver.gpstracker,"Mar 21, 2017",17:27:34
com.gpsserver.gpstracker,"Mar 21, 2017",17:28:14
com.gpsserver.gpstracker,"Mar 21, 2017",17:28:14
com.gpsserver.gpstracker,"Mar 21, 2017",17:28:14
com.gpsserver.gpstracker,"Mar 21, 2017",17:28:14
com.gpsserver.gpstracker,"Mar 21, 2017",17:28:14
com.gpsserver.gpstracker,"Mar 21, 2017",17:28:14
com.gpsserver.gpstracker,"Mar 21, 2017",17:28:54
com.gpsserver.gpstracker,"Mar 21, 2017",17:28:54
com.gpsserver.gpstracker,"Mar 21, 2017",17:28:54
com.gpsserver.gpstracker,"Mar 21, 2017",17:28:54
com.gpsserver.gpstracker,"Mar 21, 2017",17:28:54
com.gpsserver.gpstracker,"Mar 21, 2017",17:28:54
com.gpsserver.gpstracker,"Mar 21, 2017",17:29:35
com.gpsserver.gpstracker,"Mar 21, 2017",17:29:37
com.gpsserver.gpstracker,"Mar 21, 2017",17:29:37
com.gpsserver.gpstracker,"Mar 21, 2017",17:29:37
com.gpsserver.gpstracker,"Mar 21, 2017",17:29:37
com.gpsserver.gpstracker,"Mar 21, 2017",17:29:37
com.live.tracker,"Mar 21, 2017",17:32:06
com.live.tracker,"Mar 21, 2017",17:32:06
com.smsquare.nearbybuddy,"Mar 21, 2017",21:32:55
package,count(*)
com.example.vishal.deviceapp,4
com.facebook.lite,3
com.foxbyte.destinationalarm,2
com.gpscoordinatesandlocation,2
com.gpsserver.gpstracker,432
com.live.tracker,12
com.smartmobsolutions.android.whereami,7
com.smsquare.nearbybuddy,1
com.ventureGPSFree,18
figuig.live_location,2
goldenshorestechnologies.brightestflashlight.free,2
mg.locations.track5,14
